record_id,experiment_id,figure_panel,cell_line,assay,observable,variant,dose_nM,time_min,condition,inhibitor,inhibitor_concentration_uM,value,value_unit,replicate_count,dispersion_value,extraction_method,evidence_class
fig5c_WT_1min,moraga2015_fig5c,Figure 5C,A549,phospho-flow cytometry,pSTAT6,WT,200,1,control,,,96.6,% pSTAT6,,,raster_color_segmentation_v1,digitized_from_published_raster
fig5c_WT_5min,moraga2015_fig5c,Figure 5C,A549,phospho-flow cytometry,pSTAT6,WT,200,5,control,,,96.6,% pSTAT6,,,raster_color_segmentation_v1,digitized_from_published_raster
fig5c_WT_15min,moraga2015_fig5c,Figure 5C,A549,phospho-flow cytometry,pSTAT6,WT,200,15,control,,,96.6,% pSTAT6,,,raster_color_segmentation_v1,digitized_from_published_raster
fig5c_WT_60min,moraga2015_fig5c,Figure 5C,A549,phospho-flow cytometry,pSTAT6,WT,200,60,control,,,87.7,% pSTAT6,,,raster_color_segmentation_v1,digitized_from_published_raster
fig5c_WT_90min,moraga2015_fig5c,Figure 5C,A549,phospho-flow cytometry,pSTAT6,WT,200,90,control,,,71.2,% pSTAT6,,,raster_color_segmentation_v1,digitized_from_published_raster
fig5c_WT_120min,moraga2015_fig5c,Figure 5C,A549,phospho-flow cytometry,pSTAT6,WT,200,120,control,,,55.5,% pSTAT6,,,raster_color_segmentation_v1,digitized_from_published_raster
fig5c_WT_240min,moraga2015_fig5c,Figure 5C,A549,phospho-flow cytometry,pSTAT6,WT,200,240,control,,,49.3,% pSTAT6,,,raster_color_segmentation_v1,digitized_from_published_raster
fig5c_WT_300min,moraga2015_fig5c,Figure 5C,A549,phospho-flow cytometry,pSTAT6,WT,200,300,control,,,38.4,% pSTAT6,,,raster_color_segmentation_v1,digitized_from_published_raster
fig5c_A11_1min,moraga2015_fig5c,Figure 5C,A549,phospho-flow cytometry,pSTAT6,A11,200,1,control,,,93.2,% pSTAT6,,,raster_color_segmentation_v1,digitized_from_published_raster
fig5c_A11_5min,moraga2015_fig5c,Figure 5C,A549,phospho-flow cytometry,pSTAT6,A11,200,5,control,,,97.9,% pSTAT6,,,raster_color_segmentation_v1,digitized_from_published_raster
fig5c_A11_15min,moraga2015_fig5c,Figure 5C,A549,phospho-flow cytometry,pSTAT6,A11,200,15,control,,,92.5,% pSTAT6,,,raster_color_segmentation_v1,digitized_from_published_raster
fig5c_A11_60min,moraga2015_fig5c,Figure 5C,A549,phospho-flow cytometry,pSTAT6,A11,200,60,control,,,87,% pSTAT6,,,raster_color_segmentation_v1,digitized_from_published_raster
fig5c_A11_90min,moraga2015_fig5c,Figure 5C,A549,phospho-flow cytometry,pSTAT6,A11,200,90,control,,,76.7,% pSTAT6,,,raster_color_segmentation_v1,digitized_from_published_raster
fig5c_A11_120min,moraga2015_fig5c,Figure 5C,A549,phospho-flow cytometry,pSTAT6,A11,200,120,control,,,59.6,% pSTAT6,,,raster_color_segmentation_v1,digitized_from_published_raster
fig5c_A11_240min,moraga2015_fig5c,Figure 5C,A549,phospho-flow cytometry,pSTAT6,A11,200,240,control,,,54.1,% pSTAT6,,,raster_color_segmentation_v1,digitized_from_published_raster
fig5c_A11_300min,moraga2015_fig5c,Figure 5C,A549,phospho-flow cytometry,pSTAT6,A11,200,300,control,,,47.9,% pSTAT6,,,raster_color_segmentation_v1,digitized_from_published_raster
fig5c_C10_1min,moraga2015_fig5c,Figure 5C,A549,phospho-flow cytometry,pSTAT6,C10,200,1,control,,,85.6,% pSTAT6,,,raster_color_segmentation_v1,digitized_from_published_raster
fig5c_C10_5min,moraga2015_fig5c,Figure 5C,A549,phospho-flow cytometry,pSTAT6,C10,200,5,control,,,84.2,% pSTAT6,,,raster_color_segmentation_v1,digitized_from_published_raster
fig5c_C10_15min,moraga2015_fig5c,Figure 5C,A549,phospho-flow cytometry,pSTAT6,C10,200,15,control,,,74.7,% pSTAT6,,,raster_color_segmentation_v1,digitized_from_published_raster
fig5c_C10_60min,moraga2015_fig5c,Figure 5C,A549,phospho-flow cytometry,pSTAT6,C10,200,60,control,,,71.2,% pSTAT6,,,raster_color_segmentation_v1,digitized_from_published_raster
fig5c_C10_90min,moraga2015_fig5c,Figure 5C,A549,phospho-flow cytometry,pSTAT6,C10,200,90,control,,,56.8,% pSTAT6,,,raster_color_segmentation_v1,digitized_from_published_raster
fig5c_C10_120min,moraga2015_fig5c,Figure 5C,A549,phospho-flow cytometry,pSTAT6,C10,200,120,control,,,51.4,% pSTAT6,,,raster_color_segmentation_v1,digitized_from_published_raster
fig5c_C10_240min,moraga2015_fig5c,Figure 5C,A549,phospho-flow cytometry,pSTAT6,C10,200,240,control,,,43.8,% pSTAT6,,,raster_color_segmentation_v1,digitized_from_published_raster
fig5c_C10_300min,moraga2015_fig5c,Figure 5C,A549,phospho-flow cytometry,pSTAT6,C10,200,300,control,,,34.2,% pSTAT6,,,raster_color_segmentation_v1,digitized_from_published_raster
fig5c_D7_1min,moraga2015_fig5c,Figure 5C,A549,phospho-flow cytometry,pSTAT6,D7,200,1,control,,,37,% pSTAT6,,,raster_color_segmentation_v1,digitized_from_published_raster
fig5c_D7_5min,moraga2015_fig5c,Figure 5C,A549,phospho-flow cytometry,pSTAT6,D7,200,5,control,,,68.5,% pSTAT6,,,raster_color_segmentation_v1,digitized_from_published_raster
fig5c_D7_15min,moraga2015_fig5c,Figure 5C,A549,phospho-flow cytometry,pSTAT6,D7,200,15,control,,,73.3,% pSTAT6,,,raster_color_segmentation_v1,digitized_from_published_raster
fig5c_D7_60min,moraga2015_fig5c,Figure 5C,A549,phospho-flow cytometry,pSTAT6,D7,200,60,control,,,69.2,% pSTAT6,,,raster_color_segmentation_v1,digitized_from_published_raster
fig5c_D7_90min,moraga2015_fig5c,Figure 5C,A549,phospho-flow cytometry,pSTAT6,D7,200,90,control,,,57.5,% pSTAT6,,,raster_color_segmentation_v1,digitized_from_published_raster
fig5c_D7_120min,moraga2015_fig5c,Figure 5C,A549,phospho-flow cytometry,pSTAT6,D7,200,120,control,,,47.3,% pSTAT6,,,raster_color_segmentation_v1,digitized_from_published_raster
fig5c_D7_240min,moraga2015_fig5c,Figure 5C,A549,phospho-flow cytometry,pSTAT6,D7,200,240,control,,,37,% pSTAT6,,,raster_color_segmentation_v1,digitized_from_published_raster
fig5c_D7_300min,moraga2015_fig5c,Figure 5C,A549,phospho-flow cytometry,pSTAT6,D7,200,300,control,,,34.9,% pSTAT6,,,raster_color_segmentation_v1,digitized_from_published_raster
fig5c_C4_1min,moraga2015_fig5c,Figure 5C,A549,phospho-flow cytometry,pSTAT6,C4,200,1,control,,,11,% pSTAT6,,,raster_color_segmentation_v1,digitized_from_published_raster
fig5c_C4_5min,moraga2015_fig5c,Figure 5C,A549,phospho-flow cytometry,pSTAT6,C4,200,5,control,,,21.9,% pSTAT6,,,raster_color_segmentation_v1,digitized_from_published_raster
fig5c_C4_15min,moraga2015_fig5c,Figure 5C,A549,phospho-flow cytometry,pSTAT6,C4,200,15,control,,,38.4,% pSTAT6,,,raster_color_segmentation_v1,digitized_from_published_raster
fig5c_C4_60min,moraga2015_fig5c,Figure 5C,A549,phospho-flow cytometry,pSTAT6,C4,200,60,control,,,52.1,% pSTAT6,,,raster_color_segmentation_v1,digitized_from_published_raster
fig5c_C4_90min,moraga2015_fig5c,Figure 5C,A549,phospho-flow cytometry,pSTAT6,C4,200,90,control,,,47.3,% pSTAT6,,,raster_color_segmentation_v1,digitized_from_published_raster
fig5c_C4_120min,moraga2015_fig5c,Figure 5C,A549,phospho-flow cytometry,pSTAT6,C4,200,120,control,,,38.4,% pSTAT6,,,raster_color_segmentation_v1,digitized_from_published_raster
fig5c_C4_240min,moraga2015_fig5c,Figure 5C,A549,phospho-flow cytometry,pSTAT6,C4,200,240,control,,,28.8,% pSTAT6,,,raster_color_segmentation_v1,digitized_from_published_raster
fig5c_C4_300min,moraga2015_fig5c,Figure 5C,A549,phospho-flow cytometry,pSTAT6,C4,200,300,control,,,28.1,% pSTAT6,,,raster_color_segmentation_v1,digitized_from_published_raster
fig7d_WT_control_1min,moraga2015_fig7d,Figure 7D,HeLa,phospho-flow cytometry,pSTAT6,WT,,1,control,,,83,% pSTAT6,,,raster_color_segmentation_v1,digitized_from_published_raster
fig7d_WT_control_5min,moraga2015_fig7d,Figure 7D,HeLa,phospho-flow cytometry,pSTAT6,WT,,5,control,,,90.9,% pSTAT6,,,raster_color_segmentation_v1,digitized_from_published_raster
fig7d_WT_control_15min,moraga2015_fig7d,Figure 7D,HeLa,phospho-flow cytometry,pSTAT6,WT,,15,control,,,105.7,% pSTAT6,,,raster_color_segmentation_v1,digitized_from_published_raster
fig7d_WT_control_60min,moraga2015_fig7d,Figure 7D,HeLa,phospho-flow cytometry,pSTAT6,WT,,60,control,,,80.7,% pSTAT6,,,raster_color_segmentation_v1,digitized_from_published_raster
fig7d_WT_control_90min,moraga2015_fig7d,Figure 7D,HeLa,phospho-flow cytometry,pSTAT6,WT,,90,control,,,61.4,% pSTAT6,,,raster_color_segmentation_v1,digitized_from_published_raster
fig7d_WT_control_120min,moraga2015_fig7d,Figure 7D,HeLa,phospho-flow cytometry,pSTAT6,WT,,120,control,,,45.5,% pSTAT6,,,raster_color_segmentation_v1,digitized_from_published_raster
fig7d_WT_control_180min,moraga2015_fig7d,Figure 7D,HeLa,phospho-flow cytometry,pSTAT6,WT,,180,control,,,38.6,% pSTAT6,,,raster_color_segmentation_v1,digitized_from_published_raster
fig7d_WT_EHT1864_1min,moraga2015_fig7d,Figure 7D,HeLa,phospho-flow cytometry,pSTAT6,WT,,1,endocytosis_inhibited,EHT1864,100,59.1,% pSTAT6,,,raster_color_segmentation_v1,digitized_from_published_raster
fig7d_WT_EHT1864_5min,moraga2015_fig7d,Figure 7D,HeLa,phospho-flow cytometry,pSTAT6,WT,,5,endocytosis_inhibited,EHT1864,100,69.3,% pSTAT6,,,raster_color_segmentation_v1,digitized_from_published_raster
fig7d_WT_EHT1864_15min,moraga2015_fig7d,Figure 7D,HeLa,phospho-flow cytometry,pSTAT6,WT,,15,endocytosis_inhibited,EHT1864,100,68.2,% pSTAT6,,,raster_color_segmentation_v1,digitized_from_published_raster
fig7d_WT_EHT1864_60min,moraga2015_fig7d,Figure 7D,HeLa,phospho-flow cytometry,pSTAT6,WT,,60,endocytosis_inhibited,EHT1864,100,59.1,% pSTAT6,,,raster_color_segmentation_v1,digitized_from_published_raster
fig7d_WT_EHT1864_90min,moraga2015_fig7d,Figure 7D,HeLa,phospho-flow cytometry,pSTAT6,WT,,90,endocytosis_inhibited,EHT1864,100,59.1,% pSTAT6,,,raster_color_segmentation_v1,digitized_from_published_raster
fig7d_WT_EHT1864_120min,moraga2015_fig7d,Figure 7D,HeLa,phospho-flow cytometry,pSTAT6,WT,,120,endocytosis_inhibited,EHT1864,100,46.6,% pSTAT6,,,raster_color_segmentation_v1,digitized_from_published_raster
fig7d_WT_EHT1864_180min,moraga2015_fig7d,Figure 7D,HeLa,phospho-flow cytometry,pSTAT6,WT,,180,endocytosis_inhibited,EHT1864,100,13.6,% pSTAT6,,,raster_color_segmentation_v1,digitized_from_published_raster
fig7d_D7_control_1min,moraga2015_fig7d,Figure 7D,HeLa,phospho-flow cytometry,pSTAT6,D7,,1,control,,,0.9,% pSTAT6,,,raster_color_segmentation_v1,digitized_from_published_raster
fig7d_D7_control_5min,moraga2015_fig7d,Figure 7D,HeLa,phospho-flow cytometry,pSTAT6,D7,,5,control,,,6.3,% pSTAT6,,,raster_color_segmentation_v1,digitized_from_published_raster
fig7d_D7_control_15min,moraga2015_fig7d,Figure 7D,HeLa,phospho-flow cytometry,pSTAT6,D7,,15,control,,,36,% pSTAT6,,,raster_color_segmentation_v1,digitized_from_published_raster
fig7d_D7_control_60min,moraga2015_fig7d,Figure 7D,HeLa,phospho-flow cytometry,pSTAT6,D7,,60,control,,,59.5,% pSTAT6,,,raster_color_segmentation_v1,digitized_from_published_raster
fig7d_D7_control_90min,moraga2015_fig7d,Figure 7D,HeLa,phospho-flow cytometry,pSTAT6,D7,,90,control,,,40.5,% pSTAT6,,,raster_color_segmentation_v1,digitized_from_published_raster
fig7d_D7_control_120min,moraga2015_fig7d,Figure 7D,HeLa,phospho-flow cytometry,pSTAT6,D7,,120,control,,,30.6,% pSTAT6,,,raster_color_segmentation_v1,digitized_from_published_raster
fig7d_D7_control_180min,moraga2015_fig7d,Figure 7D,HeLa,phospho-flow cytometry,pSTAT6,D7,,180,control,,,19.8,% pSTAT6,,,raster_color_segmentation_v1,digitized_from_published_raster
fig7d_D7_EHT1864_1min,moraga2015_fig7d,Figure 7D,HeLa,phospho-flow cytometry,pSTAT6,D7,,1,endocytosis_inhibited,EHT1864,100,0,% pSTAT6,,,raster_color_segmentation_v1,digitized_from_published_raster
fig7d_D7_EHT1864_5min,moraga2015_fig7d,Figure 7D,HeLa,phospho-flow cytometry,pSTAT6,D7,,5,endocytosis_inhibited,EHT1864,100,1.8,% pSTAT6,,,raster_color_segmentation_v1,digitized_from_published_raster
fig7d_D7_EHT1864_15min,moraga2015_fig7d,Figure 7D,HeLa,phospho-flow cytometry,pSTAT6,D7,,15,endocytosis_inhibited,EHT1864,100,19.8,% pSTAT6,,,raster_color_segmentation_v1,digitized_from_published_raster
fig7d_D7_EHT1864_60min,moraga2015_fig7d,Figure 7D,HeLa,phospho-flow cytometry,pSTAT6,D7,,60,endocytosis_inhibited,EHT1864,100,37.8,% pSTAT6,,,raster_color_segmentation_v1,digitized_from_published_raster
fig7d_D7_EHT1864_90min,moraga2015_fig7d,Figure 7D,HeLa,phospho-flow cytometry,pSTAT6,D7,,90,endocytosis_inhibited,EHT1864,100,36,% pSTAT6,,,raster_color_segmentation_v1,digitized_from_published_raster
fig7d_D7_EHT1864_120min,moraga2015_fig7d,Figure 7D,HeLa,phospho-flow cytometry,pSTAT6,D7,,120,endocytosis_inhibited,EHT1864,100,34.2,% pSTAT6,,,raster_color_segmentation_v1,digitized_from_published_raster
fig7d_D7_EHT1864_180min,moraga2015_fig7d,Figure 7D,HeLa,phospho-flow cytometry,pSTAT6,D7,,180,endocytosis_inhibited,EHT1864,100,27,% pSTAT6,,,raster_color_segmentation_v1,digitized_from_published_raster
fig7d_A11_control_1min,moraga2015_fig7d,Figure 7D,HeLa,phospho-flow cytometry,pSTAT6,A11,,1,control,,,90.9,% pSTAT6,,,raster_color_segmentation_v1,digitized_from_published_raster
fig7d_A11_control_5min,moraga2015_fig7d,Figure 7D,HeLa,phospho-flow cytometry,pSTAT6,A11,,5,control,,,96.6,% pSTAT6,,,raster_color_segmentation_v1,digitized_from_published_raster
fig7d_A11_control_15min,moraga2015_fig7d,Figure 7D,HeLa,phospho-flow cytometry,pSTAT6,A11,,15,control,,,96.6,% pSTAT6,,,raster_color_segmentation_v1,digitized_from_published_raster
fig7d_A11_control_60min,moraga2015_fig7d,Figure 7D,HeLa,phospho-flow cytometry,pSTAT6,A11,,60,control,,,72.7,% pSTAT6,,,raster_color_segmentation_v1,digitized_from_published_raster
fig7d_A11_control_90min,moraga2015_fig7d,Figure 7D,HeLa,phospho-flow cytometry,pSTAT6,A11,,90,control,,,58,% pSTAT6,,,raster_color_segmentation_v1,digitized_from_published_raster
fig7d_A11_control_120min,moraga2015_fig7d,Figure 7D,HeLa,phospho-flow cytometry,pSTAT6,A11,,120,control,,,34.1,% pSTAT6,,,raster_color_segmentation_v1,digitized_from_published_raster
fig7d_A11_control_180min,moraga2015_fig7d,Figure 7D,HeLa,phospho-flow cytometry,pSTAT6,A11,,180,control,,,40.9,% pSTAT6,,,raster_color_segmentation_v1,digitized_from_published_raster
fig7d_A11_EHT1864_1min,moraga2015_fig7d,Figure 7D,HeLa,phospho-flow cytometry,pSTAT6,A11,,1,endocytosis_inhibited,EHT1864,100,73.9,% pSTAT6,,,raster_color_segmentation_v1,digitized_from_published_raster
fig7d_A11_EHT1864_5min,moraga2015_fig7d,Figure 7D,HeLa,phospho-flow cytometry,pSTAT6,A11,,5,endocytosis_inhibited,EHT1864,100,83,% pSTAT6,,,raster_color_segmentation_v1,digitized_from_published_raster
fig7d_A11_EHT1864_15min,moraga2015_fig7d,Figure 7D,HeLa,phospho-flow cytometry,pSTAT6,A11,,15,endocytosis_inhibited,EHT1864,100,81.8,% pSTAT6,,,raster_color_segmentation_v1,digitized_from_published_raster
fig7d_A11_EHT1864_60min,moraga2015_fig7d,Figure 7D,HeLa,phospho-flow cytometry,pSTAT6,A11,,60,endocytosis_inhibited,EHT1864,100,73.9,% pSTAT6,,,raster_color_segmentation_v1,digitized_from_published_raster
fig7d_A11_EHT1864_90min,moraga2015_fig7d,Figure 7D,HeLa,phospho-flow cytometry,pSTAT6,A11,,90,endocytosis_inhibited,EHT1864,100,54.5,% pSTAT6,,,raster_color_segmentation_v1,digitized_from_published_raster
fig7d_A11_EHT1864_120min,moraga2015_fig7d,Figure 7D,HeLa,phospho-flow cytometry,pSTAT6,A11,,120,endocytosis_inhibited,EHT1864,100,40.9,% pSTAT6,,,raster_color_segmentation_v1,digitized_from_published_raster
fig7d_A11_EHT1864_180min,moraga2015_fig7d,Figure 7D,HeLa,phospho-flow cytometry,pSTAT6,A11,,180,endocytosis_inhibited,EHT1864,100,37.5,% pSTAT6,,,raster_color_segmentation_v1,digitized_from_published_raster
